{"cameraMode":{"drawMode":0,"name":"Shaded","section":"Shading Mode"},"sceneLighting":false,"audioPlay":false,"sceneViewState":{"m_AlwaysRefresh":false,"showFog":true,"showSkybox":false,"showFlares":true,"showImageEffects":true,"showParticleSystems":true,"showVisualEffectGraphs":true,"m_FxEnabled":true},"in2DMode":false,"pivot":{"x":0.010200455784797669,"y":0.3387182652950287,"z":0.019657433032989503},"rotation":{"x":-0.1769593060016632,"y":-0.23372480273246766,"z":0.04330513998866081,"w":-0.9551075100898743},"size":0.45396047830581667,"orthographic":true}