{"cameraMode":{"drawMode":0,"name":"Shaded","section":"Shading Mode"},"sceneLighting":false,"audioPlay":false,"sceneViewState":{"m_AlwaysRefresh":false,"showFog":true,"showSkybox":false,"showFlares":true,"showImageEffects":true,"showParticleSystems":true,"showVisualEffectGraphs":true,"m_FxEnabled":true},"in2DMode":false,"pivot":{"x":0.010200455784797669,"y":0.413663774728775,"z":0.017022505402565004},"rotation":{"x":-0.13480746746063233,"y":-0.42918315529823305,"z":0.06495258957147598,"w":-0.8907628059387207},"size":0.5177973508834839,"orthographic":false}