{"cameraMode":{"drawMode":0,"name":"Shaded","section":"Shading Mode"},"sceneLighting":true,"audioPlay":false,"sceneViewState":{"m_AlwaysRefresh":false,"showFog":true,"showSkybox":true,"showFlares":true,"showImageEffects":true,"showParticleSystems":true,"showVisualEffectGraphs":true,"m_FxEnabled":true},"in2DMode":false,"pivot":{"x":23.04252815246582,"y":9.351398468017579,"z":0.35629045963287356},"rotation":{"x":-0.18607927858829499,"y":0.018673310056328775,"z":-0.003535447409376502,"w":-0.9823760986328125},"size":9.4382905960083,"orthographic":false}